total_orders,total_customers,total_products,avg_payment,avg_review
99441,96096,32952,172.73078577842918,3.9819796379141033
